id,date_found,date_posted,company,title,location,remote,salary_range,score,tier,source,apply_url,status,date_applied,follow_up_date,contact,resume_version,notes
J001,2026-09-28,2026-09-11,General Produce Company,Business Development Associate - Chico,"Chico, CA",onsite/field,"$75,000 + quarterly incentives",86,A,Indeed,https://to.indeed.com/aa499mtcwzq8,ready,,,Director of Food Service Sales (name not found),jobs/2026-09-28-general-produce-business-development-associate/resume.pdf,Packet ready; updated 29 Sep with confirmed facts.
J002,2026-09-28,2026-09-18,Cintas,Route Service Sales Representative - UltraClean (4-Day Workweek),"Sacramento, CA 95834",onsite/route,"$45,000-$90,000 base+commission",77,hold,Indeed,https://to.indeed.com/aamxhlllzxhb,found,,,,jobs/2026-09-28-cintas-route-service-sales-rep/resume.pdf,ON HOLD 29 Sep: fails $50k base floor (posted $45-90k total incl. commission). Revive only if base >= $50k confirmed.
J003,2026-09-28,2026-09-08,"XFERALL, LLC",Business/Sales Development Representative,Remote (US),remote,"$50,000-$80,000",73,B,Indeed,https://to.indeed.com/aa4pd62djlhm,ready,,,,jobs/2026-09-28-xferall-sales-development-rep/resume.pdf,Re-scored 29 Sep (remote OK but not preferred). Cover letter drafted.
J004,2026-09-28,2026-09-11,Slakey Brothers,Inside Sales Representative,"Yuba City, CA",onsite,$24-$29/hr,71,B,Indeed,https://to.indeed.com/aabz9ffvc8bk,ready,,,,jobs/2026-09-28-slakey-brothers-inside-sales-rep/resume.pdf,"Re-scored 29 Sep (hourly, no commission). Requires HVAC product knowledge (gap; answer honestly)."
J005,2026-09-28,2026-09-15,BiRite Foodservice Distributors,District Sales Representative,"Sacramento, CA",onsite/field,"$80,000-$110,000",71,B,Indeed,https://to.indeed.com/aa9h49l8nzhd,ready,,,,jobs/2026-09-28-birite-district-sales-rep/resume.pdf,Re-scored 29 Sep (Ethan will relocate to Sacramento). Stretch: prefers 3 yrs foodservice sales.
J006,2026-09-28,2026-08-04,Bar None Auction,Inside Sales Representative (heavy equipment/trucks/ag),"Sacramento, CA",onsite,$25-$30/hr,70,C,Indeed,https://to.indeed.com/aamj84lbmqtb,found,,,,,Strong equipment-industry fit but posted 55 days ago; verify still open before building a packet.
J007,2026-09-28,2026-09-24,FCA Legal Funding,Business Development Manager - PI Law Firms,"Sacramento, CA",onsite/field,"$50,000 base + commission",63,C,Indeed,https://to.indeed.com/aapqpd2drxry,found,,,,,Wants 2 yrs B2B; litigation-funding industry; Sacramento field commute.
J008,2026-09-28,2026-09-17,International Student Tours,Inside Sales Account Manager,"Folsom, CA",onsite,not posted (salary+commission),58,C,Indeed,https://to.indeed.com/aa8zxpw9yzbn,found,,,,,"~1h25 commute, in office daily; pay not listed."
J009,2026-09-28,2026-09-23,Breez,Territory Sales Representative (cannabis),Sacramento/Stockton/Modesto,field,"$65,000-$75,000",60,C,Indeed,https://to.indeed.com/aa7byrgwnkss,found,,,,,3+ yrs sales + cannabis regs; territory centered south of Sacramento.
J010,2026-09-28,2026-09-24,The Reynolds and Reynolds Company,Entry Level Outside Sales Trainee,"Sacramento, CA",travel,"$60,000 + company car",88,A,Indeed,https://to.indeed.com/aarbszl27lrk,ready,,,,jobs/2026-09-29-reynolds-and-reynolds-outside-sales-trainee/resume.pdf,Re-opened 29 Sep: Ethan will relocate. Cover letter + outreach drafted.
J011,2026-09-28,2026-08-05,Greentech Renewables (CED),Management Trainee,"North Highlands, CA",onsite,listed as $60-$70 (likely $60k-$70k),0,filtered,Indeed,https://to.indeed.com/aahq2mlzzhbp,found,,,,,FILTERED: requires relocation during/after program; posted 54 days ago.
J012,2026-09-28,2026-09-16,Verizon,Business Sales Account Executive,"Sacramento, CA",field,"$53,000-$92,000",0,filtered,Indeed,https://to.indeed.com/aasgdxfj6b2y,found,,,,,FILTERED: requires 4+ years relevant experience incl. outside sales.
J013,2026-09-28,2026-09-24,Johnson & Johnson MedTech,"Regional Clinical Sales Specialist, Trauma","Oakland/Walnut Creek, CA",field,"$54,000-$87,400",0,filtered,Indeed,https://to.indeed.com/aaw4p9bfywbg,found,,,,,"FILTERED: location (Bay Area, relocation)."
J014,2026-09-28,2026-09-23,Tim Lewis Communities,Sales Consultant - New Home Sales,"Roseville, CA",onsite,"$55,426-$98,782",0,filtered,Indeed,https://to.indeed.com/aazjh2n84png,found,,,,,FILTERED: requires CA real estate license + new-home sales experience.
J015,2026-09-28,2026-09-22,Window Innovations Inc,Sales Representative,"El Dorado Hills, CA",onsite,"$20-25/hr training, then commission",0,filtered,Indeed,https://to.indeed.com/aab682rlfwjt,found,,,,,FILTERED: commission-based after training; commute.
J016,2026-09-28,2026-09-27,IndoorMedia,Marketing Sales Representative,"Sacramento, CA",field,"$80,000-$150,000 (uncapped commission)",0,filtered,Indeed,https://to.indeed.com/aatbk26jxxn2,found,,,,,"FILTERED: commission structure, no base stated; requires 1 yr outside sales."
J017,2026-09-28,2026-09-10,Power Up Solutions,Sales Representative,"Yuba City, CA (team in Stockton)",field,$200 per qualified lead,0,filtered,Indeed,https://to.indeed.com/aayf9lmy8j2j,found,,,,,FILTERED: pay-per-lead door-to-door energy sales.
J018,2026-09-28,2026-09-23,A1 Electrical,Outside Sales & Business Development Representative,"Sacramento, CA",onsite,"$79,741-$98,989 (listed part-time)",0,filtered,Indeed,https://to.indeed.com/aaqkmjpgmhhd,found,,,,,FILTERED: requires enterprise B2B tech sales record + Salesforce; posting internally inconsistent.
J019,2026-09-28,2026-09-24,Elder Law Group PLLC,Sales Development Representative,Remote,remote,$22-$24/hr base; OTE $50-60k,0,filtered,Indeed,https://to.indeed.com/aadf2npxkkf8,found,,,,,FILTERED: base below $50k floor.
J020,2026-09-28,2026-09-23,Applied Adhesives,Customer Experience Representative I,Remote (CST/EST only),remote,"$60,000-$65,000",0,filtered,Indeed,https://to.indeed.com/aa7txj8b998n,found,,,,,FILTERED: remote limited to Central/Eastern time zones.
J021,2026-09-28,,UniFirst,Outside Sales Representative - Chico/Redding,"Chico/Redding, CA",field,"$57,000-$120,000 first-year total",0,superseded,Web (jobs.unifirst.com),https://jobs.unifirst.com/job/chico/outside-sales-representative-chico-redding-ca/45421/85193610064,found,,,,,Superseded by J026 (UniFirst Roseville posting found on Indeed 29 Sep).
J022,2026-09-29,2026-09-23,Medline Industries,Sales Associate - Product Support Specialist,"Miami, FL",field/travel 95%,"$65,000 base + bonus",90,A,Indeed,https://to.indeed.com/aarrg28n7zs7,ready,,,,jobs/2026-09-29-medline-sales-associate-product-support-specialist/resume.pdf,Medical sales entry path. Relocation. Cover letter + outreach drafted.
J023,2026-09-29,2026-09-23,implantcast North America,Associate Surgical Support Specialist,"Dallas, TX",onsite/travel 40%,"from $55,000",83,A,Indeed,https://to.indeed.com/aa9vpvt8bryv,ready,,,,jobs/2026-09-29-implantcast-associate-surgical-support-specialist/resume.pdf,Medical device (ortho) entry role. Ethan must confirm comfort in surgery setting.
J024,2026-09-29,2026-02-27,Total Quality Logistics (TQL),Entry Level Sales Representative - Fast Track Program,"Cincinnati, OH (paid relocation)",onsite,"$55,000 min first year (base+sign-on+stipend) + uncapped commission",79,B,Indeed,https://to.indeed.com/aa6l6wkt7bc9,interviewing,~2026-09-29,2026-10-06,Jack (TQL recruiter; left voicemail 29 Sep),jobs/2026-09-29-tql-fast-track-sales-representative/resume.pdf,Ethan applied; recruiter called back same day. Recruiter-screen prep in interview-prep.md. Ask base split.
J025,2026-09-29,2026-09-18,UniFirst,Customer Development Representative - Facility Services,"Melrose Park, IL",field,"$62,000-$70,000+ total (base + commission)",75,B,Indeed,https://to.indeed.com/aagqvnlw8gf2,ready,,,,jobs/2026-09-29-unifirst-customer-development-rep-chicago/resume.pdf,"Second UniFirst app (limit 2). Relocation, none offered."
J026,2026-09-29,2026-09-26,UniFirst,"Outside Sales Representative - Roseville, CA","Roseville/Sacramento, CA",field,"$57,200-$120,000 first-year total + car allowance",80,A,Indeed,https://to.indeed.com/aa2p9dr6g848,ready,,,,jobs/2026-09-29-unifirst-outside-sales-rep-roseville/resume.pdf,0-2 yrs B2B accepted. Confirm base >= $50k. Cover letter + outreach drafted.
J027,2026-09-29,2026-09-28,Cintas,Sales Representative - First Aid and Safety,"Augusta, ME",field,"$60,000-$150,000 total + car package",70,C,Indeed,https://to.indeed.com/aa4sxmbmydnv,found,,,,,Requires 1 yr outside sales (unmet); base not posted. Req 236737.
J028,2026-09-29,2026-09-16,Spectrum,Residential Connectivity Sales Rep ($50K salary + commission),"Farmers Branch/Garland, TX",field (door-to-door),"$50,000 base + uncapped commission",64,C,Indeed,https://to.indeed.com/aa4kjvygfkm8,found,,,,,Meets base floor but residential door-to-door; weaker launchpad for B2B/medical.
J029,2026-09-29,2026-08-31,Sherwin-Williams,2027 Management & Sales Training Program - Cincinnati/Dayton,"Cincinnati, OH",onsite,"$53,000",62,C,Indeed,https://to.indeed.com/aah6mc7hfqc6,found,,,,,"Store-management track, 2027 class (not immediate start)."
A001,2026-09-29,,Fidelity Investments,(role not recorded; financial sales/service),,,,,,Ethan (earlier in 2026),,ghosted,~2026-03,,,Drive: Fidelity Resume (3 Mar 2026),Applied earlier in 2026; no response.
A002,2026-09-29,,Home Depot vendor role (exact employer not recorded),In-store product/vendor representative,,,,,,Ethan (earlier in 2026),,ghosted,~2026-01,,,Drive: Resume ETHAN SANTILLAN (12 Jan 2026),Applied earlier in 2026; no response.
J030,2026-09-29,,CED Stockton (Consolidated Electrical Distributors),Outside Sales Representative,"Stockton, CA",field,not yet discussed,90,A,Referral (Eddie),,interviewing,~2026-09-27,,"Chris Swineford, GM (email in private.local.md)","Ethan emailed the 9 Sep resume (letter-spaced, Crew Lead version) ~27 Sep; accurate CED-tailored resume in packet folder to send as an update after the call","Warm referral. GM called 29 Sep (4-min call, one question). In-person interview Tue 6 Oct 12:00 at the branch, to get to know Ethan; Chris says it's not an offer yet and he passed the resume along. Prep in interview-prep.md."
